{
	"credit": "Made with Blockbench",
	"texture_size": [500, 500],
	"textures": {
		"1": "OneDrive/사진/test_2",
		"particle": "test_2"
	},
	"elements": [
		{
			"from": [6, 8, 4],
			"to": [10, 8, 12],
			"rotation": {"angle": -22.5, "axis": "x", "origin": [8, 8, 12]},
			"faces": {
				"north": {"uv": [0, 0, 0.128, 0], "rotation": 180, "texture": "#1"},
				"east": {"uv": [0, 0, 0.256, 0], "rotation": 180, "texture": "#1"},
				"south": {"uv": [0, 0, 0.128, 0], "rotation": 180, "texture": "#1"},
				"west": {"uv": [0, 0, 0.256, 0], "rotation": 180, "texture": "#1"},
				"up": {"uv": [0, 16, 16, 0], "rotation": 180, "texture": "#1"},
				"down": {"uv": [0, 0, 16, 16], "rotation": 180, "texture": "#1"}
			}
		},
		{
			"from": [6, 8, 4],
			"to": [10, 8, 12],
			"rotation": {"angle": 22.5, "axis": "x", "origin": [8, 8, 12]},
			"faces": {
				"north": {"uv": [0, 0, 0.128, 0], "texture": "#1"},
				"east": {"uv": [0, 0, 0.256, 0], "texture": "#1"},
				"south": {"uv": [0, 0, 0.128, 0], "texture": "#1"},
				"west": {"uv": [0, 0, 0.256, 0], "texture": "#1"},
				"up": {"uv": [0, 0, 16, 16], "texture": "#1"},
				"down": {"uv": [0, 16, 16, 0], "texture": "#1"}
			}
		},
		{
			"from": [8, 6, 4],
			"to": [8, 10, 12],
			"rotation": {"angle": -22.5, "axis": "y", "origin": [8, 8, 12]},
			"faces": {
				"north": {"uv": [0, 0, 0.128, 0], "rotation": 270, "texture": "#1"},
				"east": {"uv": [0, 0, 16, 16], "rotation": 90, "texture": "#1"},
				"south": {"uv": [0, 0, 0.128, 0], "rotation": 90, "texture": "#1"},
				"west": {"uv": [0, 16, 16, 0], "rotation": 90, "texture": "#1"},
				"up": {"uv": [0, 0, 0.256, 0], "rotation": 90, "texture": "#1"},
				"down": {"uv": [0, 0, 0.256, 0], "rotation": 90, "texture": "#1"}
			}
		},
		{
			"from": [8, 6, 4],
			"to": [8, 10, 12],
			"rotation": {"angle": 22.5, "axis": "y", "origin": [8, 8, 12]},
			"faces": {
				"north": {"uv": [0, 0, 0.128, 0], "rotation": 90, "texture": "#1"},
				"east": {"uv": [0, 16, 16, 0], "rotation": 270, "texture": "#1"},
				"south": {"uv": [0, 0, 0.128, 0], "rotation": 270, "texture": "#1"},
				"west": {"uv": [0, 0, 16, 16], "rotation": 270, "texture": "#1"},
				"up": {"uv": [0, 0, 0.256, 0], "rotation": 270, "texture": "#1"},
				"down": {"uv": [0, 0, 0.256, 0], "rotation": 270, "texture": "#1"}
			}
		},
		{
			"from": [7, 6, 0],
			"to": [7, 10, 12],
			"rotation": {"angle": -45, "axis": "z", "origin": [8, 8, 8]},
			"faces": {
				"north": {"uv": [0, 0, 0.128, 0], "rotation": 90, "texture": "#1"},
				"east": {"uv": [0, 16, 16, 0], "rotation": 270, "texture": "#1"},
				"south": {"uv": [0, 0, 0.128, 0], "rotation": 270, "texture": "#1"},
				"west": {"uv": [0, 0, 16, 16], "rotation": 270, "texture": "#1"},
				"up": {"uv": [0, 0, 0.256, 0], "rotation": 270, "texture": "#1"},
				"down": {"uv": [0, 0, 0.256, 0], "rotation": 270, "texture": "#1"}
			}
		},
		{
			"from": [6, 9, 0],
			"to": [10, 9, 12],
			"rotation": {"angle": -45, "axis": "z", "origin": [8, 8, 8]},
			"faces": {
				"north": {"uv": [0, 0, 0.128, 0], "texture": "#1"},
				"east": {"uv": [0, 0, 0.256, 0], "texture": "#1"},
				"south": {"uv": [0, 0, 0.128, 0], "texture": "#1"},
				"west": {"uv": [0, 0, 0.256, 0], "texture": "#1"},
				"up": {"uv": [0, 0, 16, 16], "texture": "#1"},
				"down": {"uv": [0, 16, 16, 0], "texture": "#1"}
			}
		},
		{
			"from": [9, 6, 0],
			"to": [9, 10, 12],
			"rotation": {"angle": -45, "axis": "z", "origin": [8, 8, 8]},
			"faces": {
				"north": {"uv": [0, 0, 0.128, 0], "rotation": 270, "texture": "#1"},
				"east": {"uv": [0, 0, 16, 16], "rotation": 90, "texture": "#1"},
				"south": {"uv": [0, 0, 0.128, 0], "rotation": 90, "texture": "#1"},
				"west": {"uv": [0, 16, 16, 0], "rotation": 90, "texture": "#1"},
				"up": {"uv": [0, 0, 0.256, 0], "rotation": 90, "texture": "#1"},
				"down": {"uv": [0, 0, 0.256, 0], "rotation": 90, "texture": "#1"}
			}
		},
		{
			"from": [7, 6, 0],
			"to": [7, 10, 12],
			"rotation": {"angle": 45, "axis": "z", "origin": [8, 8, 8]},
			"faces": {
				"north": {"uv": [0, 0, 0.128, 0], "rotation": 90, "texture": "#1"},
				"east": {"uv": [0, 16, 16, 0], "rotation": 270, "texture": "#1"},
				"south": {"uv": [0, 0, 0.128, 0], "rotation": 270, "texture": "#1"},
				"west": {"uv": [0, 0, 16, 16], "rotation": 270, "texture": "#1"},
				"up": {"uv": [0, 0, 0.256, 0], "rotation": 270, "texture": "#1"},
				"down": {"uv": [0, 0, 0.256, 0], "rotation": 270, "texture": "#1"}
			}
		}
	],
	"display": {
		"thirdperson_righthand": {
			"translation": [0.25, 6, -7.75],
			"scale": [4, 4, 4]
		},
		"head": {
			"translation": [0, 0, -23],
			"scale": [4, 4, 4]
		},
		"fixed": {
			"translation": [0, 0, -17],
			"scale": [4, 4, 4]
		}
	},
	"groups": [
		{
			"name": "outward1",
			"origin": [8, 6, 10],
			"color": 0,
			"children": [0, 1, 2, 3]
		},
		{
			"name": "inner1",
			"origin": [8, 6, 10],
			"color": 0,
			"children": [4, 5, 6, 7]
		}
	]
}